person_id,position,years,team,b_games,b_ab,b_pa,b_h,b_bb,b_hbp,b_sf,b_tb,b_so,b_hr,b_war,b_wpa_bat,b_leverage_index_avg,b_wpa_li_adjusted,b_clutch
albies000ozh,2B,9,ATL,1028.0000,4088.0000,4471.0000,1086.0000,307.0000,35.0000,37.0000,1858.0000,735.0000,157.0000,24.1300,3.6780,0.9528,5.1180,-1.0445
alonso000pet,1B,7,NYM,1008.0000,3763.0000,4316.0000,951.0000,419.0000,100.0000,34.0000,1942.0000,984.0000,264.0000,23.2900,12.3150,1.0224,14.7230,-2.6312
altuve001jos,2B,10,HOU,1308.0000,5160.0000,5764.0000,1558.0000,509.0000,56.0000,29.0000,2544.0000,831.0000,219.0000,40.7700,12.8410,0.9677,18.3750,-4.6311
alvare000yor,DH,7,HOU,677.0000,2455.0000,2867.0000,728.0000,346.0000,40.0000,26.0000,1406.0000,566.0000,170.0000,24.2500,17.4710,0.8999,20.0320,-1.6793
anders003tim,SS,10,CHW,991.0000,3939.0000,4139.0000,1088.0000,153.0000,25.0000,11.0000,1603.0000,980.0000,98.0000,15.2100,-9.8200,0.9388,-6.1280,-3.7352
arenad001nol,3B,10,COL,1386.0000,5273.0000,5868.0000,1490.0000,495.0000,34.0000,62.0000,2686.0000,854.0000,283.0000,45.3200,19.3950,1.0129,18.3150,1.9045
arraez000lui,2B,7,MIN,840.0000,3244.0000,3533.0000,1028.0000,230.0000,20.0000,24.0000,1341.0000,215.0000,36.0000,16.3900,3.2380,0.9560,3.1250,0.4793
bader-000har,CF,9,STL,924.0000,2745.0000,3046.0000,679.0000,214.0000,58.0000,25.0000,1101.0000,743.0000,88.0000,17.2700,0.9700,0.9813,-2.1630,3.2749
baez--000jav,SS,10,CHC,1268.0000,4505.0000,4809.0000,1148.0000,209.0000,57.0000,27.0000,1979.0000,1284.0000,183.0000,27.7500,-0.7650,1.0112,-1.4280,0.6230
bell--007jos,1B,10,PIT,1287.0000,4503.0000,5159.0000,1153.0000,577.0000,28.0000,41.0000,1997.0000,962.0000,193.0000,8.6300,3.5020,1.0068,7.6070,-4.1211
bellin000cod,OF,9,LAD,1157.0000,4230.0000,4765.0000,1102.0000,469.0000,20.0000,45.0000,2044.0000,957.0000,225.0000,30.4500,11.4720,0.9831,13.8480,-2.2036
benint000and,LF,10,BOS,1147.0000,4250.0000,4776.0000,1135.0000,442.0000,28.0000,44.0000,1772.0000,841.0000,118.0000,16.4900,5.7450,1.0106,4.1320,1.7913
betts-000mar,OF,10,LAD,1334.0000,5297.0000,6069.0000,1538.0000,669.0000,48.0000,55.0000,2746.0000,811.0000,268.0000,66.9200,29.0810,0.9784,30.8700,-0.6908
bichet000bo-,SS,7,TOR,748.0000,3075.0000,3292.0000,904.0000,187.0000,17.0000,13.0000,1443.0000,639.0000,111.0000,20.9500,8.6490,0.9690,6.1790,2.5230
bogaer001xan,SS,10,BOS,1348.0000,5154.0000,5771.0000,1486.0000,517.0000,47.0000,52.0000,2364.0000,1018.0000,177.0000,36.3600,9.6750,1.0012,9.8090,-0.5732
bregma001ale,3B,10,HOU,1225.0000,4590.0000,5327.0000,1250.0000,627.0000,67.0000,42.0000,2206.0000,716.0000,209.0000,43.0500,12.2830,0.9696,18.1700,-5.1653
bryant001kri,3B,10,CHC,903.0000,3360.0000,3900.0000,914.0000,427.0000,94.0000,19.0000,1618.0000,865.0000,158.0000,21.9700,6.4120,0.9674,14.2870,-7.5520
busch-002mic,1B,3,CHC,334.0000,1092.0000,1240.0000,272.0000,127.0000,14.0000,7.0000,513.0000,328.0000,57.0000,6.9400,3.3470,0.9380,3.5110,0.1423
buxton000byr,CF,10,MIN,852.0000,2973.0000,3279.0000,741.0000,228.0000,45.0000,21.0000,1470.0000,934.0000,166.0000,29.4200,6.8210,0.9847,9.3390,-1.7048
castel002nic,OF,10,DET,1375.0000,5312.0000,5758.0000,1459.0000,357.0000,50.0000,39.0000,2532.0000,1324.0000,224.0000,12.3400,7.3710,0.9711,8.5080,-0.8044
castro003wil,OF,7,DET,705.0000,2325.0000,2590.0000,568.0000,176.0000,63.0000,16.0000,893.0000,623.0000,56.0000,4.0100,-3.9360,1.0084,-2.1560,-1.8436
confor001mic,OF,9,NYM,1094.0000,3639.0000,4230.0000,887.0000,495.0000,70.0000,26.0000,1599.0000,1016.0000,170.0000,14.7500,6.7710,1.0051,8.2670,-1.4978
correa000car,SS,10,HOU,1154.0000,4329.0000,4912.0000,1190.0000,512.0000,29.0000,41.0000,1990.0000,1008.0000,178.0000,41.0500,5.3460,1.0105,11.4210,-5.9286
crow-a000pet,CF,3,CHC,293.0000,977.0000,1076.0000,234.0000,53.0000,15.0000,15.0000,427.0000,260.0000,41.0000,8.1400,0.3440,0.9203,0.8450,-0.5475
devers000raf,3B,9,BOS,1143.0000,4409.0000,4944.0000,1215.0000,470.0000,40.0000,24.0000,2232.0000,1086.0000,235.0000,26.6700,14.4730,1.0129,17.5490,-3.3451
flores003wil,3B,10,SFG,1095.0000,3444.0000,3821.0000,895.0000,292.0000,44.0000,41.0000,1514.0000,554.0000,146.0000,8.3700,3.1290,1.0196,2.4850,0.6825
frazie001ada,2B,10,PIT,1200.0000,3844.0000,4253.0000,1015.0000,308.0000,58.0000,20.0000,1472.0000,596.0000,67.0000,15.4400,2.8730,1.0110,-4.0080,7.0336
freema002fre,1B,10,ATL,1428.0000,5405.0000,6266.0000,1660.0000,741.0000,78.0000,42.0000,2883.0000,1120.0000,263.0000,49.3300,34.6260,0.9676,38.3930,-2.6027
goldsc001pau,1B,10,STL,1453.0000,5363.0000,6178.0000,1518.0000,725.0000,42.0000,32.0000,2630.0000,1390.0000,256.0000,40.5900,20.8670,0.9701,28.6400,-7.3893
grichu001ran,OF,10,TOR,1210.0000,4061.0000,4367.0000,1010.0000,246.0000,37.0000,23.0000,1867.0000,1052.0000,192.0000,10.7800,-4.2390,0.9956,-0.9080,-3.2244
happ--000ian,OF,9,CHC,1139.0000,3845.0000,4449.0000,950.0000,540.0000,34.0000,25.0000,1718.0000,1175.0000,173.0000,22.4100,4.9450,0.9756,8.0300,-2.8531
harper002bry,OF,10,PHI,1275.0000,4605.0000,5522.0000,1273.0000,826.0000,39.0000,48.0000,2392.0000,1205.0000,266.0000,34.3200,31.0440,0.9882,29.8320,1.4764
hernan000teo,OF,10,TOR,1099.0000,4045.0000,4407.0000,1054.0000,304.0000,33.0000,22.0000,1957.0000,1276.0000,217.0000,18.9700,2.7930,0.9047,5.8910,-3.0593
heywar001jas,OF,10,CHC,989.0000,3169.0000,3566.0000,771.0000,335.0000,30.0000,20.0000,1226.0000,604.0000,89.0000,11.6000,-6.5440,0.9578,-2.4370,-4.5876
hoerne000nic,2B,7,CHC,704.0000,2616.0000,2873.0000,738.0000,192.0000,45.0000,18.0000,1004.0000,315.0000,36.0000,21.7600,4.2270,0.9754,0.6780,3.6785
hoskin000rhy,1B,8,PHI,888.0000,3155.0000,3722.0000,750.0000,479.0000,51.0000,31.0000,1499.0000,929.0000,186.0000,12.0600,8.1040,1.0031,10.9080,-2.8281
iglesi001jos,SS,9,DET,1029.0000,3506.0000,3758.0000,971.0000,165.0000,53.0000,16.0000,1347.0000,475.0000,48.0000,9.7400,-2.4680,0.9926,-6.5930,4.0690
judge-001aar,OF,10,NYY,1145.0000,4105.0000,5002.0000,1205.0000,817.0000,40.0000,33.0000,2526.0000,1369.0000,368.0000,62.2500,35.3810,0.9435,45.6330,-9.2532
julien000edo,2B,3,MIN,267.0000,786.0000,917.0000,182.0000,119.0000,6.0000,4.0000,300.0000,291.0000,27.0000,1.6500,-1.2900,0.9367,0.1460,-1.5521
kelly-001car,C,10,ARI,667.0000,1960.0000,2223.0000,449.0000,219.0000,25.0000,16.0000,752.0000,448.0000,71.0000,7.6700,-6.7770,0.9537,-3.4730,-3.6775
kepler001max,OF,10,MIN,1196.0000,4171.0000,4718.0000,982.0000,460.0000,48.0000,35.0000,1775.0000,879.0000,179.0000,20.6800,2.9570,1.0015,3.2150,0.0526
larnac000tre,OF,5,MIN,442.0000,1461.0000,1660.0000,352.0000,169.0000,15.0000,14.0000,589.0000,444.0000,52.0000,3.1600,-2.9430,0.9950,-0.0480,-2.7440
lewis-002roy,3B,4,MIN,258.0000,925.0000,1008.0000,236.0000,74.0000,2.0000,7.0000,419.0000,214.0000,46.0000,3.9600,-0.2090,0.9870,0.1100,-0.5687
lindor000fra,SS,10,CLE,1436.0000,5696.0000,6410.0000,1542.0000,561.0000,79.0000,56.0000,2704.0000,1051.0000,267.0000,51.5400,17.4080,0.9783,16.8850,1.4545
machad001man,3B,10,SDP,1443.0000,5606.0000,6216.0000,1558.0000,535.0000,21.0000,54.0000,2776.0000,1103.0000,301.0000,44.8000,12.6920,0.9935,15.4290,-2.5637
marte-001sta,CF,10,PIT,1060.0000,4000.0000,4381.0000,1143.0000,249.0000,103.0000,18.0000,1750.0000,825.0000,114.0000,23.8300,10.2150,1.0255,7.0790,3.4881
mccann002jam,C,10,DET,836.0000,2752.0000,3007.0000,656.0000,186.0000,40.0000,22.0000,1051.0000,788.0000,90.0000,8.2200,-10.1340,0.9717,-7.5740,-2.0953
mccutc001and,OF,10,PIT,1225.0000,4485.0000,5203.0000,1115.0000,640.0000,42.0000,34.0000,1895.0000,1114.0000,181.0000,11.4100,4.1870,0.9857,6.3030,-1.8899
mcneil000jef,2B,8,NYM,923.0000,3245.0000,3621.0000,920.0000,261.0000,85.0000,20.0000,1389.0000,430.0000,80.0000,22.9700,0.2510,1.0063,4.8510,-4.1601
moncad000joh,3B,10,CHW,831.0000,3046.0000,3431.0000,769.0000,338.0000,30.0000,13.0000,1298.0000,993.0000,105.0000,14.8700,3.1170,0.9866,2.3220,0.9167
morel-000chr,OF,4,CHC,477.0000,1580.0000,1770.0000,351.0000,160.0000,17.0000,9.0000,656.0000,538.0000,74.0000,1.5900,-4.4100,1.0390,-2.2210,-1.8651
nimmo-000bra,OF,10,NYM,1066.0000,3723.0000,4365.0000,974.0000,524.0000,87.0000,22.0000,1631.0000,974.0000,135.0000,26.1400,10.3480,0.9658,11.7710,-0.6876
otani-000sho,DH,8,ANA,1018.0000,3730.0000,4329.0000,1050.0000,541.0000,25.0000,20.0000,2172.0000,1104.0000,280.0000,35.4100,26.1380,0.9839,31.3110,-4.0490
ozuna-002mar,DH,10,ATL,1268.0000,4746.0000,5318.0000,1283.0000,520.0000,20.0000,29.0000,2297.0000,1159.0000,260.0000,23.4500,10.2100,0.9767,15.6650,-5.1831
peders001joc,OF,10,LAD,1199.0000,3444.0000,3988.0000,830.0000,430.0000,80.0000,24.0000,1612.0000,904.0000,192.0000,11.8600,9.6290,0.9735,9.1340,1.0364
perez-001sal,C,9,KCR,1162.0000,4435.0000,4756.0000,1143.0000,196.0000,83.0000,35.0000,2083.0000,1026.0000,238.0000,21.1000,4.5280,0.9774,2.3750,2.7094
pham--001tho,OF,10,STL,1183.0000,4060.0000,4653.0000,1040.0000,520.0000,42.0000,28.0000,1705.0000,1079.0000,144.0000,17.3600,2.1460,1.0221,5.2550,-2.9969
pillar000kev,OF,10,TOR,986.0000,3327.0000,3549.0000,838.0000,140.0000,49.0000,26.0000,1358.0000,625.0000,97.0000,10.3500,-4.7740,1.0231,-7.2070,2.4304
polanc001jor,SS,10,MIN,1079.0000,4028.0000,4502.0000,1058.0000,389.0000,28.0000,38.0000,1779.0000,857.0000,154.0000,20.6300,11.4720,0.9712,6.8290,4.8955
profar001jur,LF,10,SDP,1105.0000,3762.0000,4321.0000,925.0000,452.0000,67.0000,24.0000,1513.0000,684.0000,118.0000,9.5300,3.9880,0.9915,1.5540,2.6246
reynol000bry,OF,7,PIT,948.0000,3560.0000,4000.0000,966.0000,365.0000,53.0000,21.0000,1633.0000,905.0000,138.0000,21.0500,7.5300,1.0280,8.7700,-1.2107
riley-000aus,3B,7,ATL,821.0000,3144.0000,3489.0000,850.0000,264.0000,52.0000,29.0000,1547.0000,911.0000,169.0000,22.5200,3.2680,0.9760,9.1330,-5.1738
rosari000ame,SS,9,NYM,1004.0000,3688.0000,3904.0000,1008.0000,168.0000,24.0000,19.0000,1475.0000,760.0000,69.0000,10.3100,-6.0100,1.0158,-4.4580,-1.2582
sanche001gar,C,10,NYY,857.0000,2925.0000,3311.0000,657.0000,312.0000,54.0000,20.0000,1350.0000,887.0000,189.0000,14.4300,-1.0970,0.9606,3.4610,-4.3257
santan001car,1B,10,CLE,1400.0000,4974.0000,5827.0000,1184.0000,791.0000,27.0000,35.0000,2094.0000,921.0000,218.0000,21.8000,6.7760,1.0208,5.3200,1.7363
schwar001kyl,LF,10,CHC,1222.0000,4312.0000,5111.0000,993.0000,728.0000,46.0000,24.0000,2160.0000,1450.0000,324.0000,18.7000,12.2530,0.9647,17.8520,-5.1853
semien001mar,SS,10,OAK,1389.0000,5509.0000,6146.0000,1398.0000,567.0000,25.0000,40.0000,2428.0000,1081.0000,230.0000,45.9600,-0.0900,0.9642,8.3480,-8.0797
shaw--000mat,3B,1,CHC,126.0000,393.0000,437.0000,89.0000,38.0000,2.0000,4.0000,155.0000,94.0000,13.0000,3.0500,-0.8420,0.8770,-0.0480,-0.9121
smith-000dom,1B,9,NYM,756.0000,2250.0000,2491.0000,562.0000,185.0000,38.0000,18.0000,910.0000,543.0000,69.0000,1.2000,-3.6500,1.0261,-2.4150,-1.1559
soler-000jor,OF,10,KCR,969.0000,3347.0000,3861.0000,793.0000,423.0000,46.0000,27.0000,1544.0000,1017.0000,188.0000,5.5400,3.4800,0.9774,6.5430,-3.4457
soto--003jua,OF,8,WSN,1096.0000,3857.0000,4803.0000,1086.0000,896.0000,19.0000,26.0000,2049.0000,833.0000,244.0000,42.6000,29.0450,0.9691,36.4610,-6.4430
spring001geo,OF,10,HOU,1265.0000,4872.0000,5579.0000,1305.0000,587.0000,68.0000,29.0000,2338.0000,1092.0000,257.0000,36.0900,12.7930,0.9726,16.4900,-3.0373
stanto003mic,DH,10,NYY,1018.0000,3707.0000,4219.0000,926.0000,453.0000,29.0000,26.0000,1909.0000,1222.0000,272.0000,21.5000,11.2740,0.9786,15.6440,-4.5138
story-000tre,SS,10,COL,1065.0000,4043.0000,4460.0000,1070.0000,351.0000,44.0000,19.0000,1983.0000,1251.0000,204.0000,34.8500,4.7710,1.0129,10.1230,-5.1908
suarez001eug,3B,10,CIN,1448.0000,5204.0000,5952.0000,1271.0000,593.0000,95.0000,60.0000,2453.0000,1653.0000,308.0000,25.2000,8.4690,1.0022,9.4830,-1.3044
suzuki001sei,OF,4,CHC,532.0000,1995.0000,2265.0000,536.0000,235.0000,13.0000,22.0000,942.0000,564.0000,87.0000,11.0800,3.0280,0.9580,5.9730,-2.8562
swanso001dan,SS,10,ATL,1282.0000,4732.0000,5263.0000,1186.0000,457.0000,28.0000,36.0000,1957.0000,1286.0000,164.0000,28.4300,0.7660,0.9817,1.4540,-0.6597
torres000gle,2B,8,NYY,1033.0000,3813.0000,4301.0000,1006.0000,418.0000,24.0000,39.0000,1652.0000,847.0000,154.0000,18.7100,4.7620,0.9680,5.4650,-0.4797
trout-001mik,CF,10,ANA,996.0000,3519.0000,4326.0000,1010.0000,706.0000,69.0000,30.0000,2033.0000,1016.0000,265.0000,50.3500,29.3980,1.0083,37.1190,-7.2404
tucker001kyl,OF,8,HOU,769.0000,2741.0000,3158.0000,748.0000,363.0000,13.0000,23.0000,1389.0000,498.0000,147.0000,27.3400,15.1960,0.9858,13.1020,2.1378
vazque001chr,C,10,BOS,938.0000,3069.0000,3316.0000,768.0000,198.0000,20.0000,18.0000,1136.0000,623.0000,70.0000,5.9200,-11.1040,0.9795,-10.3380,-0.8199
wallne000mat,OF,4,MIN,273.0000,826.0000,972.0000,191.0000,104.0000,39.0000,3.0000,401.0000,314.0000,51.0000,4.5700,-0.0860,1.0295,3.4060,-3.4808
yelich001chr,LF,10,MIL,1284.0000,4810.0000,5569.0000,1364.0000,686.0000,45.0000,24.0000,2310.0000,1244.0000,213.0000,36.1000,25.3280,0.9894,23.8070,1.4944
