person_id,position,years,team,p_g,p_gs,p_er,p_ip_outs,p_bb,p_h,p_so,p_war,p_game_score_sum,p_qs
alcant000san,SP,8,FLA,177.0000,169.0000,436.0000,3226.0000,330.0000,934.0000,931.0000,20.6700,9336.0000,95.0000
assad-000jav,SP,4,CHC,78.0000,54.0000,126.0000,993.0000,136.0000,304.0000,271.0000,5.0700,2783.0000,13.0000
bassit000chr,SP,9,OAK,208.0000,200.0000,470.0000,3489.0000,366.0000,1072.0000,1106.0000,16.5000,10749.0000,98.0000
berrio000jos,SP,10,MIN,275.0000,273.0000,713.0000,4715.0000,473.0000,1474.0000,1481.0000,16.9000,14395.0000,139.0000
boyd--000mat,SP,10,DET,200.0000,187.0000,505.0000,3092.0000,316.0000,982.0000,1002.0000,13.4400,9583.0000,75.0000
brown-009ben,RP,2,CHC,40.0000,23.0000,92.0000,485.0000,51.0000,162.0000,185.0000,-0.7200,1121.0000,5.0000
burnes000cor,SP,8,MIL,210.0000,149.0000,339.0000,2904.0000,280.0000,756.0000,1114.0000,19.0500,8822.0000,91.0000
castil013lui,SP,9,CIN,243.0000,243.0000,557.0000,4232.0000,453.0000,1208.0000,1493.0000,25.8400,13518.0000,135.0000
cease-000dyl,SP,7,CHW,188.0000,188.0000,438.0000,3046.0000,430.0000,854.0000,1231.0000,16.7100,10203.0000,69.0000
darvis001yu-,SP,10,SDP,214.0000,214.0000,523.0000,3698.0000,345.0000,1026.0000,1395.0000,21.0000,11996.0000,110.0000
degrom001jac,SP,10,NYM,196.0000,196.0000,344.0000,3625.0000,264.0000,907.0000,1502.0000,36.8500,12253.0000,131.0000
diaz--004edw,RP,9,NYM,520.0000,0.0000,163.0000,1558.0000,182.0000,356.0000,839.0000,13.8400,0.0000,0.0000
duran-000jho,RP,4,MIN,246.0000,0.0000,69.0000,763.0000,75.0000,202.0000,319.0000,8.1900,0.0000,0.0000
eovald001nat,SP,9,BOS,206.0000,191.0000,456.0000,3264.0000,267.0000,1002.0000,1045.0000,18.8000,10322.0000,84.0000
flaher000jac,SP,9,STL,190.0000,184.0000,418.0000,2972.0000,351.0000,836.0000,1130.0000,13.7300,10055.0000,76.0000
fried-001max,SP,9,ATL,200.0000,183.0000,364.0000,3239.0000,297.0000,947.0000,1052.0000,27.3600,10350.0000,102.0000
fulmer002mic,RP,8,DET,265.0000,90.0000,298.0000,2039.0000,218.0000,641.0000,578.0000,12.7000,4638.0000,43.0000
gausma001kev,SP,10,TOR,296.0000,280.0000,682.0000,4913.0000,455.0000,1564.0000,1714.0000,26.1200,15177.0000,148.0000
gibson002kyl,SP,10,MIN,261.0000,255.0000,750.0000,4359.0000,522.0000,1504.0000,1239.0000,9.6300,12546.0000,113.0000
giolit000luc,SP,9,CHW,206.0000,204.0000,554.0000,3476.0000,441.0000,1017.0000,1198.0000,14.4000,10796.0000,100.0000
glasno000tyl,SP,10,TBD,167.0000,128.0000,313.0000,2262.0000,290.0000,575.0000,952.0000,10.7700,7259.0000,54.0000
gray--001son,SP,10,CIN,263.0000,256.0000,606.0000,4281.0000,468.0000,1271.0000,1506.0000,23.6600,13817.0000,119.0000
hader-000jos,RP,9,MIL,468.0000,0.0000,150.0000,1537.0000,198.0000,282.0000,829.0000,14.8700,0.0000,0.0000
heaney001and,SP,10,ANA,205.0000,185.0000,517.0000,3005.0000,304.0000,982.0000,1058.0000,6.0800,9443.0000,57.0000
hendri001kyl,SP,10,CHC,262.0000,256.0000,633.0000,4454.0000,349.0000,1430.0000,1159.0000,19.3700,13409.0000,127.0000
hill--002ric,SP,10,LAD,187.0000,176.0000,381.0000,2754.0000,319.0000,797.0000,945.0000,11.7000,9436.0000,59.0000
horton000cad,SP,1,CHC,23.0000,22.0000,35.0000,354.0000,33.0000,95.0000,97.0000,1.9600,1227.0000,5.0000
imanag000sho,SP,2,CHC,54.0000,54.0000,116.0000,954.0000,54.0000,266.0000,291.0000,4.4900,3065.0000,31.0000
jansen001ken,RP,10,LAD,595.0000,0.0000,179.0000,1762.0000,174.0000,399.0000,750.0000,14.7600,0.0000,0.0000
keller000mit,SP,7,PIT,165.0000,163.0000,440.0000,2634.0000,299.0000,914.0000,837.0000,7.5600,8129.0000,66.0000
kersha001cla,SP,10,LAD,211.0000,209.0000,369.0000,3733.0000,247.0000,995.0000,1306.0000,30.0500,12511.0000,126.0000
kimbre001cra,RP,10,BOS,496.0000,0.0000,173.0000,1420.0000,216.0000,299.0000,719.0000,9.3600,0.0000,0.0000
lugo--000jac,RP,10,NYM,360.0000,123.0000,385.0000,2979.0000,276.0000,889.0000,954.0000,17.5300,6543.0000,65.0000
maeda-001ken,SP,9,LAD,226.0000,172.0000,460.0000,2960.0000,285.0000,873.0000,1055.0000,6.5100,9066.0000,54.0000
manaea000sea,SP,10,OAK,243.0000,210.0000,565.0000,3735.0000,347.0000,1150.0000,1184.0000,14.5400,11016.0000,95.0000
matz--001ste,SP,10,NYM,240.0000,166.0000,459.0000,2906.0000,281.0000,989.0000,906.0000,9.2200,8338.0000,61.0000
miley-001wad,SP,10,MIL,182.0000,178.0000,433.0000,2775.0000,351.0000,933.0000,722.0000,10.4500,8870.0000,66.0000
morton001cha,SP,10,ATL,258.0000,252.0000,598.0000,4176.0000,530.0000,1208.0000,1585.0000,19.4500,13671.0000,110.0000
paddac000chr,SP,7,MIN,118.0000,110.0000,300.0000,1745.0000,126.0000,581.0000,529.0000,3.4300,5517.0000,32.0000
pivett000nic,SP,9,BOS,254.0000,209.0000,602.0000,3633.0000,427.0000,1107.0000,1329.0000,15.4400,10819.0000,74.0000
pomera001tho,RP,7,BOS,239.0000,95.0000,253.0000,1849.0000,257.0000,561.0000,679.0000,10.2900,4886.0000,36.0000
quinta001jos,SP,10,CHC,261.0000,238.0000,591.0000,4075.0000,447.0000,1298.0000,1216.0000,18.2400,12398.0000,105.0000
robert009dav,RP,9,PHI,419.0000,1.0000,144.0000,1313.0000,186.0000,316.0000,566.0000,10.9400,53.0000,0.0000
rodon-000car,SP,10,CHW,205.0000,203.0000,474.0000,3428.0000,406.0000,955.0000,1270.0000,20.6700,11213.0000,99.0000
rodrig006edu,SP,9,BOS,220.0000,214.0000,555.0000,3549.0000,418.0000,1160.0000,1199.0000,15.7800,11011.0000,86.0000
sale--001chr,SP,9,BOS,197.0000,196.0000,411.0000,3602.0000,272.0000,960.0000,1568.0000,32.1200,11878.0000,112.0000
scherz001max,SP,10,WSN,243.0000,243.0000,495.0000,4485.0000,356.0000,1135.0000,1892.0000,43.8100,14923.0000,156.0000
severi000lui,SP,9,NYY,190.0000,174.0000,447.0000,3029.0000,303.0000,922.0000,1017.0000,12.6000,9220.0000,77.0000
snell-000bla,SP,10,TBD,222.0000,222.0000,405.0000,3474.0000,521.0000,891.0000,1440.0000,25.0400,12605.0000,94.0000
soroka000mic,SP,6,ATL,91.0000,69.0000,178.0000,1247.0000,140.0000,368.0000,379.0000,6.9200,3582.0000,27.0000
steele000jus,SP,5,CHC,102.0000,91.0000,186.0000,1520.0000,155.0000,460.0000,517.0000,7.8700,4938.0000,41.0000
stroma001mar,SP,9,TOR,240.0000,237.0000,572.0000,4019.0000,418.0000,1323.0000,1101.0000,18.4100,12242.0000,115.0000
taillo001jam,SP,9,PIT,224.0000,223.0000,532.0000,3711.0000,294.0000,1182.0000,1073.0000,15.3800,11734.0000,103.0000
valdez005fra,SP,8,HOU,188.0000,166.0000,404.0000,3242.0000,389.0000,912.0000,1053.0000,18.8900,9389.0000,105.0000
verlan001jus,SP,9,HOU,237.0000,237.0000,492.0000,4369.0000,362.0000,1145.0000,1610.0000,38.0300,14139.0000,156.0000
wacha-001mic,SP,10,STL,245.0000,230.0000,577.0000,3823.0000,393.0000,1262.0000,1104.0000,14.0000,11864.0000,92.0000
walker001tai,SP,10,ARI,211.0000,193.0000,491.0000,3166.0000,372.0000,1006.0000,885.0000,10.1600,9795.0000,67.0000
wheele001zac,SP,9,PHI,234.0000,234.0000,519.0000,4329.0000,365.0000,1218.0000,1549.0000,37.4200,13601.0000,148.0000
